Code;Component Description;Unit;Material Type
120123;RHODAPON LZS94/RP;KG;MTP
120197;SAG 1572;KG;MTP
150182;AZOXYSTROBIN 98% TECH;KG;MTP
190147;OPARYL MT 705;KG;MTP
191143;UFOXANE 3A;KG;MTP
564101;TEBUCONAZOLE TECHNICAL;KG;MTP
716151;OPARYL DT 320;KG;MTP
1020068;SAG 1572;KG;MTP
1030620;HEXAMETILENTETRAMINA;KG;MTP
1180001;MANGANESE SULFATE 19% SOLU KG BULK;KG;MTP
1180001;MANGANESE SULFATE 19% SOLU KG BULK;KG;MTP
1180003;ZINC SULFATE MONOHYDRATE;KG;MTP
1180003;ZINC SULFATE MONOHYDRATE;KG;MTP
1180004;HEXAMINE 25KG BAG (30065);KG;MTP
1180004;HEXAMINE 25KG BAG (30065);KG;MTP
1180005;MORWET IP 18.1KG/40LB BAG (30095);KG;MTP
1180005;MORWET IP 18.1KG/40LB BAG (30095);KG;MTP
1180006;BORRESPERSE NA 25KG BAG C0 (30601);KG;MTP
1180007;SUGAR 25KG BAG US;KG;MTP
1180007;SUGAR 25KG BAG US;KG;MTP
1180008;ARBO S01 25 KG BAG;KG;MTP
1180008;ARBO S01 25 KG BAG;KG;MTP
1180021;BORROSPERSE NA 880 P;KG;MTP
1180259;SODIUM LIGNO SULPHONATE (DOMSJO);KG;MTP
1200292;ANTIFOAM SAG 1572;KG;MTP
1300328;PROTHIOCONAZOLE TECH.;KG;MTP
1900456;RHODACAL DS 10 63.5KG/ 140 LB DRUM;KG;MTE
2180004;PLCARDS MARINE POLUTAN CONTENEDOR;ST;MTE
2180004;PLCARDS MARINE POLUTANT CONTENEDOR;ST;MTE
2180004;PLCARDS MARINE POLUTAN CONTENEDOR;ST;MTE
2180004;PLCARDS MARINE POLUTAN CONTENEDOR;ST;MTE
2180011;LABEL DIAMANTE CLASE 9  CONTN;ST;MTE
2180011;LABEL DIAMANTE CLASE 9  CONTN;ST;MTE
2180011;LABEL DIAMANTE CLASE 9  CONTN;ST;MTE
2180017;MANZATE 75WG IDENTIF.PALLET LABEL C.AM;ST;MTE
2180017;MANZATE 75WG IDENTIF.PALLET LABEL C.AM;ST;MTE
2180018;LBL CAUTION PRINTED BLACK/YELOW;ST;MTE
2180018;LBL CAUTION PRINTED BLACK/YELOW;ST;MTE
2180025;BOX S PRNTD 24X1KG MANZATE PRO STICK MX;ST;MTE
2180029;BAG POL 25KG NO PRINTING FUNG;ST;MTE
2180029;BAG POL 25KG NO PRINTING FUNG;ST;MTE
2180039;BOX 24X1KG. MANZATE 200D PE TQC;ST;MTE
2180041;LBL 50LB MANZATE 200 TAIWAN;ST;MTE
2180044;LBL 575KG MANZATE 75WG CENTRO AMERICA;ST;MTE
2180053;LBL BAG MANZATE 200 X 25KG (UPL)CHILE;ST;MTE
2180054;ZBAG 500KG MANZATE SUPERSACK 200WG CO;ST;MTE
2180056;ZBAG 575KG MANZATE SUPERSACK 75WG CA/PH;ST;MTE
2180058;BAG METAL.1KG MANZATE 200D PERU TQC;ST;MTE
2180062;SEAL TUG TIE BACKLOCK RED LOGO UCPL;ST;MTE
2180062;SEAL TUG TIE BACKLOCK RED LOGO UCPL;ST;MTE
2180065;PALLET LABEL MANZATE 200 PH 750 KG;ST;MTE
2180066;PALLET MADERA EUROPALET REFORZADO TIPO B;ST;MTE
2180068;PALLET MADERA 53X42 TIPO B EXPT BOLSAS;ST;MTE
2180076;PROTECTOR DE CARTON EUROPALET;ST;MTE
2180077;PROTECTOR DE PALLET SIN IMPRES-SACO;ST;MTE
2180077;PROTECTOR DE PALLET SIN IMPRES-SACO;ST;MTE
2180086;LBL MANZATE 25 KG WP PERU FRONT;ST;MTE
2180094;LABEL BAG MANZATE WG 25 KG CHILE;ST;MTE
2180095;BAG MANZATE 200 WP 1 KG COLOMBIA;ST;MTE
2180098;ETIQ BOLSA MANCOZEB 82% 25KG ID;ST;MTE
2180099;ETIQ SUPERSACO MANZATE DF 575KG PH;ST;MTE
2180100;ETIQ BOLSA MANZATE DF 25KG PH;ST;MTE
2180103;ETIQ BOLSA MANZATE 200WP 25KG CN;ST;MTE
2180107;ETIQ PALET MANZATE DF 750KG CHINA;ST;MTE
2180108;BAG MANZATE 200 WP 1 KG FARMAGRO PE;ST;MTE
2180123;COMBO BAG MT MANZATE 200 1KG CL;ST;MTE
2180125;BAG METAL. MANZATE 80WP 1 KG. CAMERICA;ST;MTE
2180126;BOX MANZATE 200WP 24X1 KG CO;ST;MTE
2180128;LABEL MANZATE 200 PHILLIPPINES x 25 KG;ST;MTE
2180138;ETIQ PALET MANZATE DF 700KG/AU;ST;MTE
2180142;ETIQ PALET MANZATE EVOLUTION NZ;ST;MTE
2180145;ETIQ PALET MANZATE 200 TH,TW,MY,PH;ST;MTE
2180149;BOX/CAJA MANZATE 200WG 24X1KG CO;ST;MTE
2180153;BAG PRINT 1KG MANZATE 200WP MX;ST;MTE
2180154;BOX SHPR PRNTD 24X1 KG MANZATE 200WP MX;ST;MTE
2180158;ETIQ PALET MANZATE 200WP 750KG/CHINA;ST;MTE
2180159;ETIQ PALET MANZATE 82WP 750KG/ID;ST;MTE
2180162;BOX MANZATE WG 24 X 1 KG BRASIL;ST;MTE
2180163;BOX MANZATE 200 24X1KG.CHILE;ST;MTE
2180165;BOX MANZATE 200WP 24X1KG.FARMAGRO PE;ST;MTE
2180168;ZETIQ/WOR PALETA MANZ PROSTICK US(DUPONT;ST;MTE
2180169;BAG MANZATE WG X 1 KG BR + DFU 2180366;ST;MTE
2180173;ETIQ PALET MANZATE WG BRASIL;ST;MTE
2180179;LBL PALLET MANZATE PRO-STICK MX/AR;ST;MTE
2180180;LBL PALLET MANZATE 75DF;ST;MTE
2180182;ZDFU/A01420180 MANZATE PRO-STICK US/UPI;ST;MTE
2180182;ZDFU/A01420180 MANZATE PRO-STICK US/UPI;ST;MTE
2180196;Etiqueta UN Number;ST;MTE
2180196;Etiqueta UN Number;ST;MTE
2180196;Etiqueta UN Number;ST;MTE
2180200;EME- 11-346 ETIQUETA PALLET;ST;MTE
2180203;EME 11-343 ETIQUETA PALLET;ST;MTE
2180222;ETIQ PALETA MANZATE 80WP USA (UPI);ST;MTE
2180225;ETIQ BAG 25KG MANZATE 80WP USA (UPI);ST;MTE
2180226;ETIQ PALET MANZATE PRO-STICK/CANDA (UPI);ST;MTE
2180228;DFU FLDR MANZATE PROSTICK/CANADA (UPI);ST;MTE
2180233;BAG MET MANZATE PRO STICK 1KG MEXICO;ST;MTE
2180242;ETIQ BOL MANZATE 200X25KG URUGUAY;ST;MTE
2180243;ETIQ BOLSA MANZATE 75DFX25KG URUGUAY;ST;MTE
2180245;BAG POL 100LB NO PRINTING;ST;MTE
2180264;CAJA MANZATE 200 DF PERU 24 X 1KG;ST;MTE
2180285;LBL BAG 25KG MANZATE 200D PE (POST);ST;MTE
2180301;DFU DE INST MANZATE 80WP C AMERICA;ST;MTE
2180302;DFU DE INST MANZATE 75WG C AMERICA;ST;MTE
2180330;ESTIBA DE 1.06m x 1.21m Tipo B (TACO);ST;MTE
2180330;ESTIBA DE 1.06m x 1.21m Tipo B (TACO);ST;MTE
2180360;ETIQ PALETA MANZATE DF 750KG PH;ST;MTE
2180363;BAG MANZATE 800 X 1KG BRASIL;ST;MTE
2180370;LBL BAG MANZATE WP X 25KG (UPL) EC;ST;MTE
2180380;CARTON PROTECTOR EUROPALLET PLEGABLE;ST;MTE
2180381;BAG 1 KG PROFIZEB (80WP);ST;MTE
2180382;BOX 24 X 1KG PROFIZEB (80WP);ST;MTE
2180385;BOX 24 X 1KG MANZATE 80 AGRIPAC EC;ST;MTE
2180386;BAG 1 KG MANZATE 80 AGRIPAC EC;ST;MTE
2180387;LBL BAG MANCOZEB 80WP X 25KG HELM CO;ST;MTE
2180389;LBL BAG MANZATE 80WP X 25KG DOMINICANA;ST;MTE
2180395;BAG 1 KG MANZATE 80WP DOMINICANA;ST;MTE
2180396;BOX 24 X 1KG M/ZATE 80WP DOMINICANA;ST;MTE
2180397;BAG 1 KG VONDOZEB 80WP CO;ST;MTE
2180398;BOX 24 X 1KG ISAGRO BLANCA;ST;MTE
2180399;LABEL BOX VONDOZEB 24 X 1KG;ST;MTE
2180402;LBL PALLET MANZATE 800 BR;ST;MTE
2180403;LBL BAG MANZATE 85TC X 25KG C/A;ST;MTE
2180404;LBL PALLET MANZATE 85TC C/A;ST;MTE
2180406;DFU ELIXIR 75DF US;ST;MTE
2180407;PALLET LABEL ELIXIR 75DF US;ST;MTE
2180414;DFU UNIZEB GOLD BR;ST;MTE
2180415;LBL PALLET UNIZEB GOLD BR;ST;MTE
2180416;BAG 10KG/15KG FLEX MANZATE WHITE;ST;MTE
2180419;BOX MANZATE 800 24X1 KG BR - UPL;ST;MTE
2180426;BAG 25 LB FLEX ELIXIR US;ST;MTE
2180427;LBL MANZATE 75DF X 25KG (CHINESE);ST;MTE
2180429;ESTIBA 1.00 M X1.20 M EuroTACO;ST;MTE
2180431;PP LBL MANZATE PROSTICK 25KG AR;ST;MTE
2180432;PP LBL MANZATE 200WG 25 KG CO;ST;MTE
2180433;PP LBL MANZATE 75DF 25 KG CN;ST;MTE
2180434;LBL BAG 25KG MANZATE 200 MX;ST;MTE
2180435;PP LBL MANZATE PRO STICK 25KG MX;ST;MTE
2180436;PP LBL MANZATE 80WP 25 KG CEN AMERICA;ST;MTE
2180437;LBL MANZATE 75WG 25 KG CEN AMERICA;ST;MTE
2180438;PP LBL MANZATE 75WG 25 KG EC FERPACIFIC;ST;MTE
2180439;PP LBL MANZATE 75WG 25 KG EC AGRIPAC;ST;MTE
2180440;PP LBL MANZATE WG 25 KG BR W/ DFU;ST;MTE
2180441;PP LBL MANZATE 800 25 KG BR W/DFU;ST;MTE
2180442;PP LBL RAKSHA (80WP) 25 KG MX;ST;MTE
2180443;PALLET LABEL RAKSHA (80WP) MX;ST;MTE
2180444;PP LBL UTHANE M-45 (80WP) 25 KG MX;ST;MTE
2180445;PALLET LABEL UTHANE M-45 (80WP) MX;ST;MTE
2180446;PP LBL VONDOZEB 80 (WP) 25 KG MX;ST;MTE
2180447;PALLET LABEL VONDOZEB 80 (WP) MX;ST;MTE
2180448;PLYWOOD 7 MM 96 X 116 CM;ST;MTE
2180449;TUBE FOIL 25KG YELLOW;KG;MTE
2180449;TUBE FOIL 25KG YELLOW;KG;MTE
2180452;TUBE FOIL MZTE PROSTICK 30LB US;KG;MTE
2180455;TUBE FOIL MANZATE DF 20KG AU;KG;MTE
2180456;ROLL PP LBL RAKSHA DF 25KG MX;ST;MTE
2180457;ROLL PP LBL VONDOZEB DF 25KG MX;ST;MTE
2180458;ROLL PP LBL UTHANE DF 25KG MX;ST;MTE
2180459;PP LBL PENNCOZEB DF 25KG MX;ST;MTE
2180463;BAG 20 KG FLEX ELIXIR CANADA;ST;MTE
2180464;DFU ELIXIR CANADA;ST;MTE
2180465;ETIQ PALET ELIXIR/CANADA;ST;MTE
2180466;LBL PALLET RAKSHA 75DF MX;ST;MTE
2180467;LBL PALLET UTHANE 75DF MX;ST;MTE
2180468;LBL PALLET VONDOZEB 75DF MX;ST;MTE
2180802;PP LBL MANZATE 200WP FARMEX PE 25 KG;ST;MTE
2180803;PP LBL MANZATE 200D FARMEX PE 25 KG;ST;MTE
2180805;LABEL PALLET MANZATE 200WP FARMEX PE;ST;MTE
2180806;LABEL PALLET MANZATE 200D FARMEX PE;ST;MTE
2180807;LBL PALLET MANZATE 200 (80WP) TW;ST;MTE
2180809;BAG 20 KG FLEX ELIXIR AUSTRALIA;ST;MTE
2180810;PALLET LABEL ELIXIR AUSTRALIA;ST;MTE
2180811;BAG 1 KG FUNGITANE 80WP CO;ST;MTE
2180812;BOX 24X1KG FUNGITANE 80WP CO;ST;MTE
2180813;GORRO IMPRESO EUROTACO (4933701);ST;MTE
2180814;FALDA EUROTACO 535 MM (4933801);ST;MTE
2180815;BAG 1 KG INVEZEB 80WP CO;ST;MTE
2180816;BOX 24X1KG INVEZEB (80WP) CO;ST;MTE
2180817;PALLET LABEL UNIZEB 80WP PY;ST;MTE
2180818;PP LBL UNIZEB (80WP) 25KG PY;ST;MTE
2180820;PALLET LABEL UNIZEB GOLD BO;ST;MTE
2180821;PP LBL UNIZEB GOLD 10 KG BO;ST;MTE
2180822;ROLL PP LBL UNIZEB GOLD 25 KG BO;ST;MTE
2180824;BOX 20X1KG MANCOZEB 80WP NUFARM CO;ST;MTE
2180825;BAG 1 KG MANCOZEB 80WP NUFARM CO;ST;MTE
2180826;ROLL PP POST. LBL UNIZEB GOLD 25 KG BO;ST;MTE
2180827;BOX 24X1KG MANAZEB 80WP QUIMOR CO;ST;MTE
2180828;BAG 1 KG MANAZEB 80WP QUIMOR CO;ST;MTE
2180829;BOX 24X1KG TESSO 80WP AVGUST CO;ST;MTE
2180830;BAG 1 KG TESSO (80WP) AVGUST CO;ST;MTE
2180831;BOX 24X1KG HELCOZEB (80WP) HELM CO;ST;MTE
2180832;BAG 1 KG HELCOZEB (80WP) HELM CO;ST;MTE
2180833;PALLET LABEL PENCOZEB (80WP) MX;ST;MTE
2180834;PP LBL PENCOZEB (80WP) 25 KG MX;ST;MTE
2180835;TUBE REINFORCED FOIL 10KG WHITE;KG;MTE
2180836;PALLET LABEL MANAZEB 80 WP CO;ST;MTE
2180837;PP LBL MANZEB 80 WP 25 KG CO;ST;MTE
2180838;PALLET LABEL MANZATE 80 PH CU;ST;MTE
2180839;PP LBL BAG MANZATE 80 PH 25 KG CU;ST;MTE
2180840;PP LBL RISK SYMBOL POST BR;ST;MTE
2180841;ROLL PP ETIQ RISK SYMBOL POST BR;ST;MTE
2180843;PALLET LBL FALKER 800 WP PY;ST;MTE
2180844;PP LBL FALKER 800 WP 25 KG PY;ST;MTE
2180845;TUBE FOIL PROVISIONAL 25 KG WHITE;KG;MTE
2180846;TUBE RENF/D FOIL 15KG UNIZEB 35X16X72 BR;KG;MTE
2180847;25 KG GUSSET BAG YELLOW REINF/D 35X18X82;ST;MTE
2180848;PALLET LABEL SENTLI MEXICO;ST;MTE
2180849;PP LBL SENTLI MEXICO 25 KG;ST;MTE
2180850;FLEX BAG PROVISIONAL WHITE 25KG 35X18X88;ST;MTE
2180850;FLEX BAG PROVISIONAL WHITE 25KG 35X18X88;ST;MTE
2180851;PALLET LABELMETADEL IM 75WG 25KG_EC;ST;MTE
2180853;ROLL PP LBLMETADL IM 75WG 25KG_EC FRONT;ST;MTE
2180854;PALLET LABEL METADEL 80 WP EC;ST;MTE
2180856;PP LBL METADEL 80 WP 25 KG_EC FRONT;ST;MTE
2180857;PALLET LBL FUNGIS KHAN 80 WP EC;ST;MTE
2180858;PP LBL FUNGISKHAN 80WP 25 KG_EC POST;ST;MTE
2180859;PP LBL FUNGISKHAN 80WP 25 KG_EC FRONT;ST;MTE
2180860;25 KG GUSSET BAG WHITE REINF/D 35X18X88;ST;MTE
2180861;TUBE REINF/D FOIL 25KG WHITE 35X18X82;KG;MTE
2180861;TUBE REINF/D FOIL 25KG WHITE 35X18X82;KG;MTE
2180862;BAG 1 KG MANZATE 200WG COL;ST;MTE
2180863;EUROPALLET STANDARD 1.00MX1.20M;ST;MTE
2180867;BOX FUNGIS KHAN 80WP 24X1 KG EC;ST;MTE
2180868;BAG 1 KG FUNGIS KHAN 80WP EC;ST;MTE
2180869;BOX XALER 75WG 24X1 KG EC;ST;MTE
2180870;BAG 1 KG XALER 75WG EC;ST;MTE
2180871;PALLET LBL XALER CO;ST;MTE
2180872;PP LBL XALER 25KG CO;ST;MTE
2180873;BOX XALER 75WG 24X1 KG CO;ST;MTE
2180874;BAG XALER 1 KG CO;ST;MTE
2180929;LBL PALLET PENNCOZEB WG BR;ST;MTE
2180930;DFU PENNCOZEB WG BR;ST;MTE
2180930;DFU PENNCOZEB WG BR;ST;MTE
2180931;TUBE RENF/D FOIL 15KG PENNCO 35X16X72 BR;ST;MTE
2180932;TUBE RENF/D FOIL 20KG MANZAT 35X16X78 CA;KG;MTE
2180933;TUBE RENF/D FOIL 10KG MANZAT 35X12X66.8 CA;KG;MTE
2180934;TUBE RENF/D FOIL 10KG EVOL 35X12X66.8 NZ;KG;MTE
2180935;BOX 24X1 KG MANZATE 200 ARYSTA CL;ST;MTE
2180936;BAG 1 KG MANZATE 200 ARYSTA CL;ST;MTE
2180937;PALLET LABEL MANZATE 200 ARYSTA CL;ST;MTE
2180938;PP LBL MANZATE 200 25 KG ARYSTA CL;ST;MTE
2180941;PALLET LBL MZTE 200D SICSAC-FERTIL PE;ST;MTE
2180942;PP LBL MZTE 200D SICSAC-FERTIL 25KG PE;ST;MTE
2180943;BOX 24X1 KG MZTE 200 SICSAC-FERTIL PE;ST;MTE
2180944;BAG 1 KG MZTE 200D SICSAC-FERTIL PE;ST;MTE
2180945;BOX 24X1 KG MANZATE 200 SICSAC PE;ST;MTE
2180946;BAG 1 KG MANZATE 200D SICSAC PE;ST;MTE
2180947;PALLET LABEL MANZATE 200D SICSAC PE;ST;MTE
2180948;PP LBL MANZATE 200D SICSAC 25KG PE;ST;MTE
2180949;PALLET LABEL MZTE 200DF AGRITOP PE;ST;MTE
2180950;ROLL PP LBL MZTE 200DF AGRITOP 25KG PE;ST;MTE
2180951;ROLL PP LBL MZTE DF AGRITOP 25KG BACK;ST;MTE
2180952;STANDARD PALLET FOR BOXES 121X106;ST;MTE
2180953;BAG PRINT 1KG UNIZEB 80 (80WP) PARAGUAY;ST;MTE
2180954;BOX UNIZEB 80 (80WP) 24X1 KG PARAGUAY;ST;MTE
2181450;TUBE RENF/D FOIL 5 KG 240 MM X 60 MM;KG;MTE
2181484;TUBE RENF/D FOIL PENNCO 5 KG 27 CMX7 CM;KG;MTE
2181499;BAG PRINT 1 KG COLUMBUS 80WP CO;ST;MTE
2181500;BOX COLUMBUS 80WP 24X1KG CO;ST;MTE
2181514;PALLET LBL MANZATE 200WP 25 KG CO;ST;MTE
2181515;LBL MANZATE 200WP 25 KG CO BACK;ST;MTE
2181516;LBL BAG MANZATE 200WP X 25KG CO REPACK;ST;MTE
2181516;LBL BAG MANZATE 200WP X 25KG CO FRONT;ST;MTE
2181555;LAMINA PP FLUTE 1160 X 960 MM X 7 MM;ST;MTE
2181555;LAMINA PP FLUTE 1160 X 960 MM X 7 MM;0;MTE
2181564;PP LBL MANZATE PROSTICK USA 50LB;ST;MTE
2181621;BAG UTHANE 80% WP 1 KG COLOMBIA;ST;MTE
2181622;BOX UTHANE 80% WP 24X1 KG CO;ST;MTE
2181655;REINF/D BAG 10 KG UNIZEB 80WP BOLIVIA;ST;MTE
2181656;PALLET LABEL UNIZEB 80WP BO;ST;MTE
2181683;BAG PRINT 1 KG UNIZEB 80WP BO;ST;MTE
2181684;BOX UNIZEB 80WP 24X1KG BO;ST;MTE
2181714;TUBE FOIL TRIDIUM 10 KG BR;KG;MTE
2181715;DFU TRIDIUM BR;ST;MTE
2181716;BOX TRIDIUM 2 X 10 KG BR;ST;MTE
2181717;ETIQ PALET TRIDIUM BRASI;ST;MTE
2181718;TUBE FOIL EVOLUTION 10 KG BR;KG;MTE
2181719;DFU EVOLUTION BR;ST;MTE
2181720;BOX EVOLUTION 2 X 10 KG BR;ST;MTE
2181721;ETIQ PALET EVOLUTION BRASIL;ST;MTE
2181749;PP LBL MANCOZEB 80 WP 25 KG MX;ST;MTE
2181750;PALLET MANCOZEB 80 WP MX;ST;MTE
2181751;PP LBL MANCOZEB 75% DG 25 KG MX;ST;MTE
2181752;PALLET MANCOZEB 75% DG MX;ST;MTE
2181774;ROLLO PALLET SHEET 280 MICRON L93;M2;MTE
2181775;ROLLO STRETCH HOOD 930 X 770;KG;MTE
2181776;LINER TRANSP. 25 KG 50(6+6)X102*3;ST;MTE
2181776;LINER TRANSP. 25 KG 50(6 6)X102*3;ST;MTE
2181793;TUBE RENF/D FOIL 15KG UNIZEB BOLIVIA;KG;MTE
2181803;PP LBL VONDOZEB 80 EC;ST;MTE
2181804;PALLET LABEL VONDOZEB 80 EC;ST;MTE
2181806;TRILAM BAG 1KG MANZATE 200DF PE;ST;MTE
2181845;GORRO 4MM GRIS / 97x117x20 cm 1000GR;ST;MTE
2181846;FALDAS 4MM GRIS / 97x117x80 cm 1000GR;ST;MTE
2181847;LAMINA SEPARADORES 6MM/NEGRA/1500GR 96*116CMTS;ST;MTE
2308547;REINF/D BAG 10 KG UNIZEB 80WP PY;ST;MTE
2901236;PP LBL TRIZIMAN D (80WP) 25KG EC;ST;MTE
2901336;PALLET LBL TRIZIMAN D EC;ST;MTE
2901341;PP LBL INDONEX 80 (WP) EC 25KG;ST;MTE
2901342;PALLET LBL INDONEX 80 ECUADOR;ST;MTE
2902616;PP LBL TRIZIMAN 75DF 25KG EC;ST;MTE
2902617;PALLET LABEL TRIZIMAN (75DF) EC;ST;MTE
2903623;PALLET LABEL PENNCOZEB 75DF MX;ST;MTE
2904496;PP ROLL LBL CRUCERO 75WG EC;ST;MTE
2904497;PALLET LABEL CRUCERO 75WG EC;ST;MTE
2906359;PP LBL CHOCA 25 KG USO INDUST.;ST;MTE
2906360;PALLET LBL CHOCA USO INDUSTRIAL;ST;MTE
4180000;NABAM LIQUID (INTRMT)100% BMS BUL 20290;KG;MTE
4180001;MANZATE WP BULK INTERMEDIATE;KG;MTE
4180001;MANZATE WP BULK INTERMEDIATE;KG;MTE
4180001;MANZATE WP BULK INTERMEDIATE;KG;MTE
4180001;MANZATE WP BULK INTERMEDIATE;KG;MTE
4180001;MANZATE WP BULK INTERMEDIATE;ST;MTE
4180001;MANZATE WP BULK INTERMEDIATE;KG;MTE
4180001;MANZATE WP BULK INTERMEDIATE;KG;MTE
4180002;MANZATE 80 NO MOLIDO BULK INTERMEDIATE;KG;MTE
4180003;MANZATE DF BANANO BULK INTERMEDIATE;KG;MTE
4180004;MANCOZEB WET CAKE (INTERMEDIATE)VMS BULK;KG;MTE
4180006;MANCOZEB 85 TECH BULK INTERMEDIATE;KG;MTE
4180010;ELIXIR (MZB 62.5+CHLTHNIL 12.5 WDG) SFG;KG;MTE
4180010;ELIXIR (MZB 62.5+CHLTHNIL 12.5 WDG) SFG;KG;MTE
4180010;ELIXIR (MZB 62.5+CHLTHNIL 12.5 WDG) SFG;KG;MTE
4180010;ELIXIR (MZB 62.5+CHLTHNIL 12.5 WDG) SFG;KG;MTE
4180010;ELIXIR (MZB 62.5+CHLTHNIL 12.5 WDG) SFG;KG;MTE
4180011;MANZATE DF SFG;KG;MTE
6180000;MANZATE PROSTICK (75DF) 50LBS BAG US;LB;MTE
6180002;MANZATE PROSTICK (75DF) 30LBS BAG DD US;KG;MTE
6180003;MANZATE PROSTICK (75DF) 20KG BAG CA;KG;MTE
6180004;MANZATE PROSTICK (75DF) 10KG BAG CA;KG;MTE
6180006;MANZATE 200WP (80WP) CTN 24X1KG BG CO;KG;MTE
6180008;MANZATE WG (75DF) 24X1KG BAG CO DP;KG;MTE
6180009;MANZATE 200WG (75DF) 25KG BAG  CO;KG;MTE
6180011;MANZATE PRO-STICK (75DF) 25KG BAG AR;KG;MTE
6180012;MANZATE 200 BOX 24X1KG MX;KG;MTE
6180013;MANZATE PRO STICK (75DF) 25KG BAG MX;KG;MTE
6180015;MANZATE PRO STICK (75DF)CTN 24X1KG BAGMX;KG;MTE
6180016;MANZATE 200 25KG BAG MX;KG;MTE
6180019;MANZATE DF (75DF) 20KG BAG AU;KG;MTE
6180020;MANZATE EVOLUTION (75DF)10KG BAG NZ;KG;MTE
6180021;MANZATE (75DF)25KG BAG CN 11789;KG;MTE
6180024;MANZATE 200 (80 WP) 25KG BAG CN;KG;MTE
6180027;MANZATE 200 (80 WP)25KG BAG PH(SALES);KG;MTE
6180029;MANZATE (75DF) 25KG BAG PH  (3PP);KG;MTE
6180030;MANZATE 200DF 575KG S-SAK (LAT)PH(10827);KG;MTE
6180034;MANZATE WG X 25KG BAG EC FERPACIFIC;KG;MTE
6180037;MANZATE 200 D (80WP) 1KG BAG PE TQC;KG;MTE
6180039;MANZATE (80WP) 1KG BAG FARMAGRO PE;KG;MTE
6180044;MANZATE 200 (80WP) 25KG BAG PE (FARMAGRO);KG;MTE
6180045;MANZATE 200 (80WP) 25KG BAG CL 10804;KG;MTE
6180048;MANZATE WG (75DF) CTN 24X1KG BAG BR;KG;MTE
6180049;MANZATE (80WP) 25KG BAG CENT AM(10799);KG;MTE
6180050;MANZATE (80WP)CTN 24X1KG BG CENT AM10816;KG;MTE
6180051;MANZATE (75WG) 25KG BAG CENT AM;KG;MTE
6180052;MANZATE (75WG) 575KG S-SAK CENT AM 10828;KG;MTE
6180055;MANZATE 200 (80WP)24X1KG BAG CL 12380;KG;MTE
6180056;MANZATE WG (75DF) 25KG BAG CL;KG;MTE
6180057;MANZATE 80 WP X 25 KG EC AGRIPAC;KG;MTE
6180058;MANZATE 200 DF PE 24 X 1 KG;KG;MTE
6180064;MANCOZEB WET CAKE 25KG BAG CO;KG;MTE
6180065;MANZATE 200WP 50LB BAG EXP A/P (10781);LB;MTE
6180082;MANZATE 82WP 25KG BAG ID;KG;MTE
6180084;MANZATE 75WG 25KG BAG EC- AGRIPAC;KG;MTE
6180089;MANZATE 80WP 55.1 LBS.(25 KG) BAG US;KG;MTE
6180090;MANZATE 200WP 25KG BAG INTERNAL 20282;KG;MTE
6180090;MANZATE 200WP 25KG BAG INTERNAL 20282;KG;MTE
6180091;MANZATE WG 25KG BAG PROV(BANANA)12619;KG;MTE
6180092;MANZATE 80WP 25 KG BAG PROVISIONAL;KG;MTE
6180094;MANZATE 80WP 25 KG BAG UY;KG;MTE
6180095;MANZATE 75WG 25 KG BAG UY;KG;MTE
6180098;PROFIZEB (80WP) 24 X 1 KG CO;KG;MTE
6180103;MANZATE 80 (WP) 24 X 1KG AGRIPAC EC;KG;MTE
6180104;MANCOZEB 80WP HELM CO (25 KG);KG;MTE
6180105;MANZATE 80WP 25KG BAG DOMINICANA;KG;MTE
6180108; MANZATE 80WP 24 X 1KG BAG DOMINICANA;KG;MTE
6180109;VONDOZEB 80WP 24 X 1 KG BAG CO;KG;MTE
6180113;MANZATE TECH (85%) 25KG BAG PROVISIONAL;KG;MTE
6180114;MANCOZEB 85 TC 25KG BAG CA;KG;MTE
6180115;ELIXIR (75DF) PROVISIONAL 25 KG BAG;KG;MTE
6180118;MANZATE 800 (WP) 24 X 1KG BR - UPL;KG;MTE
6180119;MANZATE 800 (WP) 25 KG BAG BR - UPL;KG;MTE
6180120;MANZATE WG (75DF)25KG BAG BR - UPL;KG;MTE
6180123;ELIXIR 75DF - 25LB BAG USA;LB;MTE
6180125;UNIZEB GOLD (75DF) 15KG BAG BR;KG;MTE
6180129;RAKSHA (80WP) 25KG BAG_MX;KG;MTE
6180130;UTHANE M-45 (80WP) 25KG BAG_MX;KG;MTE
6180131;VONDOZEB 80 (WP) 25KG BAG_MX;KG;MTE
6180138;RAKSHA DF_MX 25 KG;KG;MTE
6180139;VONDOZEB DF_MX 25 KG;KG;MTE
6180140;UTHANE DF_MX 25 KG;KG;MTE
6180251;MANZATE 200D (80WP) 25KG BAG PE FARMEX;KG;MTE
6180252;ELIXIR FUNGICIDE 20 KG BAG AU;KG;MTE
6180253;FUNGITANE 80WP 24 X 1 KG BAG CO;KG;MTE
6180254;MANZATE 200WP CTN 24X1KG BG CO REPACK;KG;MTE
6180256;UNIZEB (MANCOZEB 80 WP) X 25KG BAG_PY;KG;MTE
6180258;MANCOZEB NUFARM 80WP CNT 20X1KG BAG CO;KG;MTE
6180259;UNIZEB GOLD X 10 KG (MANCOZEB 75 DF);KG;MTE
6180260;UNIZEB GOLD X 25 KG (MANCOZEB 75 DF) BO;KG;MTE
6180261;MANAZEB CNT 24 X  1 KG  ( 80 WP) CO;KG;MTE
6180262;TESSO 80 WP AVGUST CNT 24X1KG BAG CO;KG;MTE
6180263;HELCOZEB HELM 80WP CNT 24X1 KG BAG CO;KG;MTE
6180264;PENNCOZEB 80 WP 25KG MX;KG;MTE
6180265;MANZATE 200WP 25KG BAG PE FARMEX;KG;MTE
6180266;MANAZEB 80 WP 1 X 25 KG BAG CO;KG;MTE
6180267;ELIXIR 75DF - 25LB BAG USA_RPK;LB;MTE
6180268;MANZATE 80 PH 25 KG CU;KG;MTE
6180269;FALKER 800 WP(MANCOZEB 80% WP)X25 KG BAG;KG;MTE
6180270;SENTLI (MANCOZEB+CLOROTALONIL) 25KG MX;KG;MTE
6180271;METADEL INMONTE 75WG 25 KG BAG_EC;KG;MTE
6180272;FUNGIS KHAN 80 WP 25 KG BAG_EC;KG;MTE
6180273;METADEL 80 WP 25 KG BAG_EC;KG;MTE
6180274;MANZATE WG PROVISIONAL BIG BAG X 500 KG;KG;MTE
6180275;FUNGIS KHAN 80 WP 24X1 KG BAG_EC;KG;MTE
6180276;XALER (MCZB62.5 CLOTHNL12.5WG)24X1KG_EC;KG;MTE
6180277;XALER 75WG CNT 24 X 1 KG BAG CO;KG;MTE
6180279;XALER 75WG 1 X 25 KG BAG CO;KG;MTE
6180645;PENNCOZEB WG 15KG BAG BR;KG;MTE
6180658; MANZATE 200 CNT 24 X 1 KG ARYSTA CL;KG;MTE
6180659; MANZATE 200 BAG X 25 KG ARYSTA CL;KG;MTE
6181154;MANZATE 200D (80WP) SICSAC-FERTIL25KG PE;KG;MTE
6181155;MANZATE 200D (80WP) SICSAC-FERTIL24X1 KG;KG;MTE
6181156;MANZATE 200D (80WP) SICSAC 24 X 1 KG  PE;KG;MTE
6181157;MANZATE 200D (80WP) SICSAC 25KG BAG PE;KG;MTE
6181158;MANZATE 200DF AGRITOP 25KG BAG PE;KG;MTE
6181174;UNIZEB 80 (MANCOZEB 80 WP) X 1 KG_BAG PA;KG;MTE
6181240;PENNCOZEB WG (75DF) 5KG BAG BR;KG;MTE
6181241;COLUMBUS 80WP 24 X 1 KG BAG CO;KG;MTE
6181242;MANZATE 200WP 25 KG BAG CO_RPK;KG;MTE
6181243;MANZATE 200 WP x 25 KG CO;ST;MTE
6181271;UNIZEB 80 (MANCOZEB 80WP) X 10KG_BAG PY;KG;MTE
6181286;UNIZEB (MANCOZEB 80WP) X 10KG_BAG BO;KG;MTE
6181291;UNIZEB (MANCOZEB 80 WP) X 1 KG_BAG BO;KG;MTE
6181296;MANCOZEB 80 WP (1x25) BAG MX;KG;MTE
6181297;MANCOZEB 75 DF (1x25) BAG MX;KG;MTE
6181311;INVEZEB CNT 24 X 1 KG BAG (80WP) CO;KG;MTE
6181323;UNIZEB GOLD X 15 KG (MANCOZEB 75 DF) BO;KG;MTE
6181328;VONDOZEB 80 BAG X 25KG EC;KG;MTE
6181419;MANCOZEB TECNICO X 500 KG_RPK;KG;MTE
6301399;UTHANE 80% WP x 1 KG;KG;MTE
6302282;ELIXIR 75DF 20 KG BAG_CA;KG;MTE
6302489;MANCOZEB TECHNICAL 85% x 25 KG;KG;MTP
6309569;AZOXYSTROBIN TECHNICAL - 98%_CO TAMBOR;KG;MTE
6397373;MANCOZEB TECHNICAL 85% X 500 KG_CO;KG;MTP
7186009;MANCOZEB 80WP HELM CO (25 KG) FOR RPK;KG;MTE
7186009;MANCOZEB 80WP HELM CO (25 KG) FOR RPK;KG;MTE
7812015;BAG POL 10KG NO PRINTIG;ST;MTE
7820003;EQUATION CONTACT 500KG CNT FR-DUPONT;KG;MTE
7820007;EQUATION CONTACT 500 KG (PROV) CO;KG;MTE
7820007;EQUATION CONTACT 500 KG (PROV) CO;KG;MTE
7820007;EQUATION CONTACT 500 KG (PROV) CO;KG;MTE
7820007;EQUATION CONTACT 500 KG (PROV) CO;KG;MTE
7820007;EQUATION CONTACT X 25 KG (PROV) CO.;KG;MTE
7820007;EQUATION CONTACT X 25 KG (PROV) CO.;KG;MTE
7820007;EQUATION CONTACT 500 KG (PROV) CO;ST;MTE
7820011;CLIP 20KG BAG MA-DP;KG;MTE
7820013;MIDAS 800 GRS (20 x 0.8 KG)  BAG  BRAZIL;KG;MTE
7820015;EQUATION CONTACT 25KG BAG CHINA;ST;MTE
7820017;CURZATE M-8 CTN 24X1KG BAG MX ;KG;MTE
7820018;CURZATE M-8 CTN 30X500G BAG EC 11002;KG;MTE
7820019;CURZATE M-8 25KG BAG MX;KG;MTE
7820020;CURZATE M-8 CTN 30X500G BAGS UY;KG;MTE
7820021;CURZATE M-8 CTN 30X500G BAG CO;KG;MTE
7820022;CURZATE M 72X 30 X500G BAGS GT;KG;MTE
7820023;CURZATE M8 CTN 24X1KG BAG;KG;MTE
7820026;CURZATE M-8 CTN 24X1KG BAG CHILE;KG;MTE
7820027;CYMOZATE 25KG BAG FARMEX PE;KG;MTE
7820028;DUCYMOX 25 KG FARMAGRO;KG;MTE
7820029;RHYTHM 24 X 1KG MEXICO;KG;MTE
7820030;CURAZIN 25 KG BAG VE;KG;MTE
7820030;CURAZIN 25 KG BAG VE;KG;MTE
7820030;CURAZIN 25 KG BAG VE;KG;MTE
7820032;MIDAS CTN 16 KG (4 X 4 KG)  BOX  BRAZIL;KG;MTE
7820034;RHYTHM 10KG BAG MX;KG;MTE
7820035;CURZATE M-8 CTN 30X500G BAG EC 11002_RPK;KG;MTE
7820036;CURZATE M 72X 30 X500G BAGS GT_RPK;KG;MTE
7820037;CURZATE M8 CTN 24X1KG BAG_RPK;KG;MTE
7820038;CURZATE M-8 CTN 24X1KG BAG CHILE_RPK;KG;MTE
7820039;CYMOXATE BOX 24X1KG BAG PE;KG;MTE
7820040;DUCYMOX BOX 24X1KG BAG PE;KG;MTE
7820041;CYMOXATE BOX 24X1KG BAG PE_RPK;KG;MTE
7820042;DUCYMOX BOX 24X1KG BAG PE_RPK;KG;MTE
7820043;CYMOXATE BOX 30X500G BAG PE;KG;MTE
7820044;EQUATION CONTACT 25KG BAG CHINA_RPK;KG;MTE
7820045;EQUATION CONTACT 500KG CNT FR-DUPONT_RPK;KG;MTE
7820046;CLIP 20KG BAG TN-AGRIMATCO_RPK;KG;MTE
7820047;CLIP 20KG BAG TN-AGRIMATCO;KG;MTE
7820048;CLIP 20KG BAG MA-DP_RPK;KG;MTE
7821005;FAMOXATE TECH VAR WT BAG FR/ENG/DF/EEC;KG;MTE
7821007;NITRIC ACID 65% DRM;KG;MTE
7821014;RHODACAL/SIPONATE DS-10 56.7KG/125LB DRM;KG;MTE
7821014;RHODACAL/SIPONATE DS-10 56.7KG/125LB DRM;KG;MTE
7821050;CURZATE TECH - NEW SOURCE (LM) 20KG BAG (CIMOXANIL);KG;MTE
7822004;BULK RIGID 100L EQUATION CON(KQ667)/CO;EA;MTE
7822011;BAG POLY 25KG NO PRINTING FUNG/A01072742;ST;MTE
7822012;SEAL TUG TIE PLASTIC PADLOCK WETCAKE DRU;EA;MTE
7822021;BOL MULTIWALL 25KG MANZATE EXPORT/VARIOS/A10001586;EA;MTE
7822022;CAJA 24X1KG UNPRINTED WHITE EXP-FUNG;ST;MTE
7822023;LBL EQUATION CONTACT EEC;EA;MTE
7822024;LBL EQUATION CONTACT EEC 20KG TRA;EA;MTE
7822031;LBL CLIP MOROCCO 20KG AGRIMAT;ST;MTE
7822033;LBL BAG EQUATION CONT. X 25KG CHINA/CN2206/A01806656;EA;MTE
7822039;LBL PALLET CLIP MOROCCO;ST;MTE
7822043;BAG EQC PROVISIONAL X 25KG.CO/A01397820;EA;MTE
7822047;BAG KRAFT 25KG MANZATE  NAL;ST;MTE
7822048;COMB BAG CURZATE M8X1KG CL;ST;MTE
7822048;COMB BAG CURZATE M8X1KG CL;EA;MTE
7822049;LBL CYMOZATE X 25 KG FARMEX PE.;ST;MTE
7822050;LBL BACK  CYMOZATE X 25 KG FARMEX PE.;ST;MTE
7822051;LABEL FRONT DUCYMOX 25 KG FARMAGRO PERU;ST;MTE
7822052;LABEL BACK DUCYMOX 25 KG FARMAGRO PERU;ST;MTE
7822054;BAG PRINTD 1KG CURZATE M-8 MX;ST;MTE
7822055;BAG 500 GR BOPP CURZATE M8 COLOMBIA;ST;MTE
7822055;BAG 500 GR BOPP CURZATE M8 COLOMBIA;KG;MTE
7822056;BOX CURZATE M-8 30X500  COL;ST;MTE
7822057;LBL BAG 2 KG CURZATE M8 25KG MX;ST;MTE
7822059;BAG METAL CURZATE M8 1KG FARMEX PE;ST;MTE
7822059;BAG METAL CURZATE M8 1KG FARMEX PE;EA;MTE
7822060;BOX CURZATE M-8 24X1 KG FARMEX PERU;ST;MTE
7822060;BOX CURZATE M-8 24X1 KG FARMEX PERU;EA;MTE
7822061;BOX CURZATE M8 24X1 KG.CHILE;ST;MTE
7822061;BOX CURZATE M8 24X1 KG.CHILE;EA;MTE
7822062;BOX CURZATE M72 30X500GR C.AMERICA;ST;MTE
7822062;BOX CURZATE M72 30X500GR C.AMERICA;EA;MTE
7822063;BOX CURZATE M8 30X500 GM ECUADOR;ST;MTE
7822063;BOX CURZATE M8 30X500 GM ECUADOR;EA;MTE
7822064;POLY/METAL CZTEM8 ROLL X500GM EC;KG;MTE
7822064;POLY/METAL CZTEM8 ROLL X500GM EC;EA;MTE
7822066;BAG ROLL POLY/METAL CURZATE M72 C.AME;ST;MTE
7822066;BAG ROLL POLY/METAL CURZATE M72 C.AME;EA;MTE
7822067;DFU  CURZATE M72 C.AMERICA;ST;MTE
7822067;DFU  CURZATE M72 C.AMERICA;EA;MTE
7822068;COMBO BAG RHYTHM X 1KG MEXICO;ST;MTE
7822069;ETIQ.CAJA RHYTHM 24X1KG L1 MEXICO;ST;MTE
7822072;ETIQ.CAJA RHYTHM 24X1KG L4 MEXICO;ST;MTE
7822079;DFU FOLDER 500G CURZATE CO;ST;MTE
7822080;LBL PALLET CURZATE M8 EXPORT;ST;MTE
7822080;LBL PALLET CURZATE M8 EXPORT;EA;MTE
7822081;ETIQ PALET CYMOXATE PERU;ST;MTE
7822081;ETIQ PALET CYMOXATE PERU;EA;MTE
7822082;ETIQ PALET DUCYMOX PERU;ST;MTE
7822082;ETIQ PALET DUCYMOX PERU;EA;MTE
7822083;ETIQUETA CURAZIN X 25KG VE;ST;MTE
7822084;ETIQUETA POST. CURAZIN X25KG VE;ST;MTE
7822085;ETIQ PALET CURAZIN VENEZUELA;ST;MTE
7822086;BAG MIDAS 0.8 KG BRASIL;ST;MTE
7822087;DFU FOLLETO INSTRUCTION MIDAS BRAZIL;ST;MTE
7822087;DFU FOLLETO INSTRUCTION MIDAS BRAZIL;ST;MTE
7822088;BOX MIDAS 20 X 0.8 KG BRAZIL;ST;MTE
7822091;BAG MIDAS 4  KG BRASIL;ST;MTE
7822092;BOX MIDAS 4 X 4KG BRASIL;ST;MTE
7822093;LBL EQC DF PROVISIONAL FONDO BLANCO/A01501226;EA;MTE
7822094;LBL BOX STICKER CURZATE 1 KG MEX;ST;MTE
7822095;LBL BOX FRONT 24X 1 KG CURZATE M8 MX;ST;MTE
7822096;LABEL EQUATION CONTACT DG FONDO AZUL/A01508470;ST;MTE
7822097;BAG PAPER 10KG UNPRINT RHYT(UN#,CLA9 &MP;ST;MTE
7822098;LBL BAG 10KG RHYTHM MX;ST;MTE
7822099;ETIQ PALET RHYTHM 10KG BAG MX;ST;MTE
7822100;ETIQUETA PALLET  CURZATE M8 MX;ST;MTE
7822101;BAG COMBO CYMOZATE 1 KG PE;ST;MTE
7822101;BAG COMBO CYMOZATE 1 KG PE;EA;MTE
7822102;BOX PRINT CYMOZATE 24X1 KG PE;ST;MTE
7822102;BOX PRINT CYMOZATE 24X1 KG PE;EA;MTE
7822103;BAG COMBO DUCYMOX 1 KG PE;ST;MTE
7822103;BAG COMBO DUCYMOX 1 KG PE;EA;MTE
7822104;BOX PRINT DUCYMOX 24X1 KG PE;ST;MTE
7822104;BOX PRINT DUCYMOX 24X1 KG PE;EA;MTE
7822105;BOX PRINTED CYMOZATE 30X500GR PE;EA;MTE
7822106;LBL BAG FRONT CYMOZATE 500GR PE;EA;MTE
7822108;LBL PALLET MIDAS BR;ST;MTE
7822109;LBL BAG FRONT CLIP 20KG TN;EA;MTE
7822110;LBL PALLET CLIP TN;EA;MTE
7822111;LBL PALLET  STACK 2 HIGH MAX/A01138192;EA;MTE
7822112;LBL BAG/PLT EQUATION CONTACT /CN2205/A01804621;EA;MTE
7824001;DPX-JE874 VAR WT DRM KG KR-DUPONT;KG;MTE
7824002;EQC DF INTERMEDIATE;KG;MTE
7824002;EQC DF INTERMEDIATE;ST;MTE
7824002;EQC DF INTERMEDIATE;KG;MTE
7824002;EQC DF INTERMEDIATE;KG;MTE
7824004;CURZATE M4 INTERMEDIATE BULK;KG;MTE
7824004;CURZATE M4 INTERMEDIATE BULK;KG;MTP
7824025;CURZATE M8 (NEW INTERMEDIATE BULK);KG;MTP
7824025;CURZATE M8 (NEW INTERMEDIATE BULK);KG;MTP
7824025;CURZATE M8 (NEW INTERMEDIATE BULK);KG;MTP
7824025;CURZATE M8 (NEW INTERMEDIATE BULK);KG;MTP
7824026;ELIXIR 75DF 20 KG BAG_CA FOR RPK;KG;MTP
0-001;ROLLOS DE ZUNCHO;ST;MTE
0-002;LAMINA PLANA DE CARTON;ST;MTE
0-003;GRAPAS;ST;MTE
0-004;CAL;ST;MTE
0-005;;ST;MTE
0-006;"GRAVA CANTO RODADO 1/4"" - 1/8"" SACOS X 25 KG";KG;MTE
0-007;"GRAVA CANTO RODADO 1/8""-M 10"" SACOS X 25 KG";KG;MTE
0-008;ARENA 0.45-0.55 MM. SACOS DE 25 KG;KG;MTE
0-009;ANTRACITA. SACOS X 25 KG;KG;MTE
0-010;CARBON ACTIVADO. SACOS X 25 KG;KG;MTE
0-011;"GRAVA CANTO RODADO 1""-1/2"". SACOS X 25 KG";KG;MTE
0-012;"GRAVA CANTO RODADO 1/2""-1/4"" SACOS X 25KG";KG;MTE
0-013;"GRAVA CANTO RODADO 2""-1"". SACOS X25 KG";KG;MTE
0-014;LAINER PARA SUPER SACO;KG;MTE
0-015;ROLLO MANUAL 45x12x450;ST;MTE
0-016;ROLLO MAQUINA 50x20x1829;ST;MTE
0-017;PREFLEX 56 P GOMA LIQUIDA;KG;MTE
0-018;HM-3147-1 (1275) GOMA SOLIDA;KG;MTE
0-019;BOLSAS 222 X 250 CM BAJA LAINER SELLADO ETP;ST;MTE
0-020;LI 300 CM X 200 X 6;ST;MTE
0-021;BARITANQUE 1000 LTS IBC;ST;MTE
0-022;CARBONATO DE SODIO;KG;MTP
0-023;LAINER 1O KG;ST;MTE
Sin codigo;PLT COMPONENT ESQ 4 CM 870MM ;EA;MTE
2915970;PP LBL MANZATE  PROSTICK 30 LB FRONT;ST;MTE
2910659;PP LBL UNIZEB 80WP 10 KG PY;ST;MTE
2308574;BOTTLE LABEL (ROLL) 120G -METAPRO;ST;MTE
5090078;CYMOXANIL TECH - 25 KG;KG;MTP
1180203;ANTIESPUMANTE x KG;KG;MTP
1180198;PROPILENGLICOL x KG;KG;MTP
1900523;  BORROSPERSE NA220;KG;MTP
1180199;PROXEL 102 X KG;KG;MTP
1180201;GOMA XANTANA x KG;KG;MTP
1180174;SUPRAGYL GN-3 x KG;KG;MTP
2910523;ETIQUETA CONT. UN 2992;ST;
2910230;ETIQ. DIAMANTE CLASE 6 CARRO;ST;MTE
1180188;GLUTARALDEHIDO x KG;KG;MTP
1180175;POLIALQUIL NAFTALENO SULFONATO x KG;KG;MTP
2914412;BOX MANZATE 80WP NI 30 X 0.75KG;ST;MTE
2914411;BAG MANZATE80WP NI 0.75KG+DFU 2914413;ST;MTE
2915971;PP LBL  MANZATE  PROSTICK 30 LB BACK;ST;MTE
2914715;ETIQUETA   CONT. UN 3082;ST;MTE
2914714;ETIQ. DIAMANTE CLASE 9 CARRO;ST;MTE
2915796;Bolsas de aire D-CONNECT AAR;ST;MTE
2916448;PALLET STD 2180863 RECUPERADO;ST;MTE
120199;STAB-41;KG;MTP
2918494;PP ROLL LABEL PROVISO 10 KG BR;ST;MTE
2918743;BAG DITHANE NT X 1KG BR;ST;MTE
2918493;DFU PROVISO BR;ST;MTE
2918496;BOX PROVISO 2 X 10 KG BR;ST;MTE
2918495;PALLET LABEL PROVISO BR;ST;MTE
2916740;PROTECTOR EN U CAJAS 1 KG;ST;MTE
2917424;BAG DITHANE M45 WP NTX1KG CO;ST;MTE
2917425;BOX DITHANE M45 WP NT  24 X1 KG CO;ST;MTE
1300458;KURARAY POVAL 5-88 S2;KG;MTP
2918745;LBL PALLET DITHANE NT BR;ST;MTE
2918744;BOX DITHANE NT 24X1 KG BR;ST;MTE
2918743;BAG DITHANE NT X 1KG BR;ST;MTE
7824073;DITHANE M45 NT X 500 KG NO VALUED;KG;MTP
1681050;CIMOXANIL 98 TC;KG;MTP
1901186;Span 85;KG;MTP
1901184;Tergitol NP-10;KG;MTP
5030453;CYMOXANIL TECH 15KG;KG;MTP
1300491;REFINED SOYABEAN OIL;KG;MTP
1010072;OLEIC ACID;KG;MTP
2920606;PALLET LABEL DITHANE 80WP PY;ST;MTE
2920549;REINF/D BAG 10 KG DITHANE 80WP PY;ST;MTE
1901211;CARBOXIMETIL CELLULOSE;KG;MTP
2920995;BAG MANZATE 80WP SV 0.75KG +DFU 2920994;ST;MTE
2920996;BOX MANZATE 80WP SV 30 X 0.75KG;ST;MTE
120178;HYDRO TREATED LIGHT PARAFIN(MINERAL OIL);KG;MTP
2918497;TUBE FOIL PROVISO 10 KG BR;KG;MTE
120142;RHODOPOL-23 25KG BAG;KG;MTP
1901185;Triton X-45;KG;MTP
2917838;25 KG GUSSET BAG BLUE REINF/D 35X18X82;ST;MTE
2308547;REINF/D BAG 10 KG UNIZEB 80WP PY;ST;MTE
1901408;REAX 88A (BQ);KG;MTP
2920608;PALLET LABEL DITHANE M-45 80% WP EG;ST;MTE
2920609;BAG DITHANE M-45 80% 1KG EG;ST;MTE
2920607;REINF/D BAG 10 KG DITHANE M-45 80% WP EG;ST;MTE
2921242;275 gallon IBC;ST;MTE
120155;CALCIUM LIGNO SULPHONATE;KG;MTP
2920610;BOX DITHANE M-45 80% WP 24 X 1KG EG;ST;MTE
6399911;MANCOZEB TECHNICAL 85% X 600 KG_CO;KG;MTP
2923664;LBL DITHANE F-448 (1000 LB) US;ST;MTE
1901185;Triton X-45;KG;MTP
2181847;PPFLUTE PLATE 116 X 96 (1500);ST;MTE
